{
  "swagger": "2.0",
  "info": {
    "version": "1.0.0",
    "title": "NodeJS Starter Pack"
  },
  "host": "152.228.206.142:3013",
  "basePath": "/",
  "schemes": ["http"],
  "paths": {
    "/v1/symbol/add-symbols-volume-rate": {
      "post": {
        "tags": ["Symbol"],
        "summary": "Add Symbols Volume Rate",
        "description": "",
        "consumes": ["application/x-www-form-urlencoded"],
        "produces": ["application/json"],
        "parameters": [
          {
            "name": "symbol",
            "in": "formData",
            "description": "Write Symbol Name",
            "required": true,
            "type": "string"
          },
          {
            "name": "added_at",
            "in": "formData",
            "description": "Write Symbol Added At",
            "required": true,
            "type": "string"
          }
        ],
        "responses": {
          "200": {
            "description": "successful operation",
            "schema": {
              "$ref": "#/definitions/Response"
            }
          }
        },
        "security": [{}]
      }
    },
    "/v1/symbol/add-to-watchlist": {
      "post": {
        "tags": ["Symbol"],
        "summary": "Add Symbols To WatchList",
        "description": "",
        "consumes": ["application/x-www-form-urlencoded"],
        "produces": ["application/json"],
        "parameters": [
          {
            "name": "symbol",
            "in": "formData",
            "description": "Write Symbol Name",
            "required": true,
            "type": "string"
          },
          {
            "name": "rate",
            "in": "formData",
            "description": "Write Your Custom Rate",
            "required": false,
            "type": "string"
          }
        ],
        "responses": {
          "200": {
            "description": "successful operation",
            "schema": {
              "$ref": "#/definitions/Response"
            }
          }
        },
        "security": [{}]
      }
    }
  },
  "securityDefinitions": {
    "Bearer": {
      "type": "apiKey",
      "name": "Authorization",
      "scheme": "bearer",
      "in": "header"
    }
  },
  "definitions": {
    "Response": {
      "type": "object",
      "response": {
        "type": "object"
      }
    }
  }
}
